Id,Name,Surname,Email,Telephone,Created
1,David,Font,davidfont@gmail.com,938586485,10/15/2024 16:46:29
2,Jordi,Aumatell,jordiaumatell@gmail.com,938586432,10/15/2024 16:46:29
3,Anna,Smith,anna.smith3@example.com,123456789,03/15/2023 10:35:00
4,Brian,Johnson,brian.johnson4@example.com,234567890,04/23/2022 14:42:00
5,Clara,Williams,clara.williams5@example.com,345678901,05/10/2021 08:20:00
6,Danny,Brown,danny.brown6@example.com,456789012,01/19/2024 19:25:00
7,Elena,Jones,elena.jones7@example.com,567890123,07/30/2020 22:10:00
8,Frank,Miller,frank.miller8@example.com,678901234,09/15/2023 13:47:00
9,Grace,Davis,grace.davis9@example.com,789012345,02/25/2023 17:35:00
10,Hank,Garcia,hank.garcia10@example.com,890123456,11/05/2023 09:55:00
11,Irene,Martinez,irene.martinez11@example.com,901234567,06/17/2022 15:20:00
12,Jack,Hernandez,jack.hernandez12@example.com,123456789,08/29/2021 11:50:00
13,Karen,Lopez,karen.lopez13@example.com,234567890,04/07/2023 08:30:00
14,Liam,Gonzalez,liam.gonzalez14@example.com,345678901,12/22/2022 17:05:00
15,Maya,Wilson,maya.wilson15@example.com,456789012,03/13/2021 06:45:00
16,Nathan,Anderson,nathan.anderson16@example.com,567890123,05/19/2024 19:30:00
17,Olivia,Thomas,olivia.thomas17@example.com,678901234,07/31/2020 14:15:00
18,Paul,Taylor,paul.taylor18@example.com,789012345,09/22/2023 21:25:00
19,Quinn,Moore,quinn.moore19@example.com,890123456,11/09/2023 13:55:00
20,Rachel,Jackson,rachel.jackson20@example.com,123456789,10/15/2024 14:40:00
